{"stats":{"minecraft:dropped":{"minecraft:dirt":1},"minecraft:custom":{"minecraft:time_since_rest":83,"minecraft:crouch_one_cm":246,"minecraft:sprint_one_cm":13967,"minecraft:play_time":6152,"minecraft:deaths":4,"minecraft:damage_taken":1070,"minecraft:walk_one_cm":30400,"minecraft:sneak_time":43,"minecraft:walk_under_water_one_cm":2723,"minecraft:mob_kills":2,"minecraft:drop":1,"minecraft:jump":115,"minecraft:damage_dealt":498,"minecraft:leave_game":4,"minecraft:walk_on_water_one_cm":165,"minecraft:time_since_death":0,"minecraft:total_world_time":6152,"minecraft:swim_one_cm":2197,"minecraft:fall_one_cm":2285,"minecraft:fly_one_cm":24620},"minecraft:killed_by":{"minecraft:skeleton":3,"minecraft:creeper":1},"minecraft:mined":{"minecraft:grass_block":1,"minecraft:dirt":5},"minecraft:used":{"minecraft:dirt":6,"minecraft:snowball":1},"minecraft:killed":{"minecraft:spider":1},"minecraft:picked_up":{"minecraft:rotten_flesh":1,"minecraft:string":2,"minecraft:snowball":48,"minecraft:dirt":22}},"DataVersion":3463}