{"stats":{"minecraft:dropped":{"minecraft:dirt":1,"minecraft:sand":1},"minecraft:custom":{"minecraft:time_since_rest":260,"minecraft:crouch_one_cm":347,"minecraft:sprint_one_cm":25650,"minecraft:play_time":10558,"minecraft:damage_taken":1700,"minecraft:deaths":6,"minecraft:walk_one_cm":50864,"minecraft:sneak_time":52,"minecraft:walk_under_water_one_cm":2723,"minecraft:mob_kills":3,"minecraft:drop":2,"minecraft:jump":255,"minecraft:damage_dealt":990,"minecraft:leave_game":6,"minecraft:time_since_death":238,"minecraft:walk_on_water_one_cm":165,"minecraft:total_world_time":10558,"minecraft:player_kills":1,"minecraft:swim_one_cm":2197,"minecraft:fall_one_cm":5364,"minecraft:fly_one_cm":50465},"minecraft:killed_by":{"minecraft:skeleton":3,"minecraft:creeper":1,"minecraft:player":2},"minecraft:mined":{"minecraft:grass_block":1,"minecraft:sand":9,"minecraft:dirt":5},"minecraft:used":{"minecraft:sand":8,"minecraft:dirt":6,"minecraft:snowball":40},"minecraft:killed":{"minecraft:spider":1},"minecraft:picked_up":{"minecraft:bone":4,"minecraft:rotten_flesh":3,"minecraft:sand":9,"minecraft:dirt":22,"minecraft:snowball":94,"minecraft:string":4}},"DataVersion":3463}